Source,09:30:00,09:31:00,09:32:00,09:33:00,09:34:00,09:35:00,09:45:00,10:00:00,10:15:00,10:30:00,10:45:00,11:00:00,11:15:00,11:30:00,13:00:00,13:01:00,13:02:00,13:03:00,13:04:00,13:05:00,13:15:00,13:30:00,13:45:00,14:00:00,14:15:00,14:30:00,14:45:00,14:57:00,14:58:00,14:59:00,15:00:00
depth01-dot-v2,252.79,264.9,163.73,131.24,134.69,124.66,115.66,113.96,109.15,108.87,107.87,107.33,108.13,104.27,514.79,218.61,106.87,106.5,106.19,102.9,106.06,101.01,103.19,99.42,100.18,102.5,107.22,15228.03,105.88,111.63,106.16
dongfangsz02-dot-v2,838.79,304.19,202.21,177.48,179.4,160.99,152.89,154.06,154.9,160.2,159.28,163.71,166.78,164.9,704.04,302.92,181.94,182.32,183.79,178.45,184.59,182.41,188.61,182.17,182.83,183.86,193.18,17752.08,196.88,204.42,193.17
ft100-dot-v2,816.87,267.1,163.94,131.15,134.68,124.89,115.08,112.54,107.32,106.63,104.37,103.25,106.81,101.97,602.54,221.59,109.05,108.8,108.54,105.36,109.36,105.39,108.24,101.9,102.47,104.47,109.07,16021.03,106.81,112.61,106.98
ft11-dot-v2,254.8,268.16,165.7,133.33,136.8,127.08,117.66,115.84,110.99,110.5,108.55,107.82,108.07,103.96,507.68,218.4,106.59,106.27,105.9,102.64,106.29,101.88,104.48,100.49,101.12,103.37,108,12757.17,106.65,112.4,106.23
gfsz01-dot-v2,856.3,279.4,177,143.6,146.42,136.7,127.24,125.13,120.82,120.58,118.39,117.69,118.32,113.69,598.04,228.69,117.15,116.64,115.86,113.29,116.41,111.8,114.46,110.38,111.55,113.3,117.87,14699.04,116.3,122.55,116.85
guoxinsz03-dot-v2,227,274.06,172.78,140.29,143.18,133.89,124.39,122.67,118.01,118.21,116.02,115.26,115.77,111.23,541.57,225.59,113.89,113.62,112.95,109.93,113.68,109.17,111.49,107.82,108.15,110.61,115.59,17258.07,113.39,119.47,114.17
guoxinsz03-dot-v5,292.7,274.24,172.88,140.51,143.44,133.87,124.51,122.85,118.29,118.38,116.16,115.44,115.94,111.45,538.98,225.91,114.19,113.84,113.11,110.31,114.05,109.45,111.89,108.01,108.72,110.92,115.98,16407.2,113.79,119.69,114.17
guoxinsz04-dot-v2,824.59,275.65,173.02,140.46,143.49,134.04,124.68,122.65,118.05,118.48,116.16,115.61,115.92,111.34,619.29,225.58,113.92,113.79,113.19,110.36,113.83,109.46,111.83,107.99,108.36,110.81,115.79,17258.26,113.57,119.73,114.2
guoxinsz04-dot-v5,824.4,276.31,173.47,141.19,144.08,134.33,124.8,123.12,118.48,118.88,116.44,115.79,116.17,111.63,613.22,226.63,114.2,113.99,113.53,110.69,114.26,109.72,112.12,108.19,108.94,111.14,116.16,16637.7,114.04,119.85,114.44
guoxinsz05-dot-v2,819.83,273.26,170.18,138.69,141.33,132.86,123.51,121.54,117.45,117.43,115.62,114.81,115.23,110.86,682.87,224.69,113.08,112.8,112.17,109.96,112.9,108.6,111.17,107.08,107.58,110.15,114.77,15423.11,112.96,119.15,113.43
guoxinsz05-dot-v5,819.79,273.87,170.68,139.02,141.97,133.24,123.7,121.69,117.63,117.64,115.83,115.01,115.41,110.99,683.7,225.07,113.29,112.96,112.37,110.14,113.12,108.78,111.38,107.28,107.73,110.29,114.97,15423.24,113.03,119.2,113.48
hb01-v16,754.28,228.82,168.57,132.87,136.12,125.58,115.06,113.24,108.74,108.19,107.42,106.49,107.03,103.6,857.7,204.47,106.21,106.56,106.28,102.56,106.08,102.71,104.78,100.83,101.08,102.81,108.13,41722.71,106.86,112.53,107.98
hb02-dot-v2,261.39,261.84,162.54,130.45,132.96,124.06,114.46,112.99,108.42,108.51,106.24,105.28,105.72,101.2,511.16,215.46,103.94,103.58,103.85,100.46,103.76,99.38,101.89,98.03,98.28,100.44,104.96,10674.4,104.45,109.72,103.54
hb04-dot-v2,248.14,264.63,167.6,133.9,136.82,125.88,115.93,113.81,109.31,108.94,107.23,106.25,106.63,101.99,506.95,218.84,105.48,105.24,104.12,101.53,105.72,100.07,103.31,99.11,99.58,101.6,106.08,8632.02,105.28,110.05,103.61
hb04-dot-v5,238.94,265.06,165.05,132.3,134.62,125.37,115.38,113.28,109.03,108.73,107.23,106.21,106.65,101.82,495.46,213.6,105.1,105.07,104.39,101.57,104.61,99.73,103.01,99.12,99.17,102.06,105.93,8508.69,104.83,109.75,103.53
hb08-dot-v2,819.86,263.52,160.55,128.37,131.64,122.52,113.72,111.92,107.48,107.67,105.73,105.27,105.48,101.07,607.71,214.54,103.29,102.89,102.65,99.49,103.11,98.94,101.3,97.57,97.95,100.13,105.34,17658.34,103.1,109.26,103.9
hb09-dot-v2,820.18,263.32,160.75,128.24,131.66,122.64,113.71,111.87,107.49,107.67,105.63,105.22,105.37,100.65,552.39,215.36,103.38,102.96,102.62,99.8,103.03,98.65,101.23,97.33,97.72,100.16,104.85,12754.04,103.44,109.31,103.11
hb09-dot-v5,821.44,264.74,161.84,129.32,132.96,123.52,114.27,112.49,107.98,108.06,106.08,105.65,105.74,101.1,554.11,216.06,103.7,103.28,102.82,100.15,103.51,99.15,101.7,97.64,98.08,100.37,105.12,12288.13,103.98,109.44,103.23
hb09-dot-v5_xuxin,184.17,260.22,159.33,127.61,131.18,121.82,112.13,110.42,106.1,106.1,104.08,103.07,103.33,98.77,557.81,205.95,101.29,101.03,100.5,98.22,101.15,97.52,99.91,95.97,96.71,98.69,103.52,14388.86,103.38,109.23,103.48
hbsz04-dot-v2,845.69,272.83,170.5,137.94,141.52,131.76,122.46,120.53,115.85,115.86,113.93,113.1,113.54,108.98,550.77,224.13,112.04,111.45,110.89,108.16,111.63,106.88,109.83,105.86,106.05,108.42,112.83,10939.9,112.21,117.52,111.32
hbsz04-dot-v5,847.29,273.41,171.42,138.77,142.73,132.3,122.7,120.93,116.17,116.21,114.11,113.44,113.92,109.26,552.17,224.7,112.2,111.62,111.2,108.4,112.05,107.2,110.26,106.33,106.38,108.66,113.09,10940.17,112.28,117.62,111.4
hbsz06-dot-v2,830.05,273.1,171.18,138.89,142.13,132.29,122.85,120.85,115.99,116.12,114.13,113.47,113.75,109.11,562.55,224.54,112.13,111.49,111.12,108.3,111.76,107.22,109.88,105.84,106.27,108.46,113.19,12296.39,111.91,117.59,111.42
hbsz07-dot-v2,828.56,271.06,169.2,136.9,140.33,131.02,122.2,120.04,115.49,115.52,113.64,112.83,113.45,108.75,548.9,223.1,111.36,110.88,110.56,107.77,111.07,106.61,109.58,105.62,105.68,108.29,112.55,10044.03,111.81,117.28,111.07
hbsz08-dot-v2,828.84,271.17,169.09,136.96,140.01,131.01,122.19,120.05,115.33,115.43,113.57,113.03,113.22,108.78,537.76,222.6,111.33,110.79,110.52,107.31,110.97,106.51,109,105.4,105.64,107.96,113.08,17255.5,110.95,117.27,111.69
hbsz08-dot-v5,833.41,273.05,170.66,137.92,141.88,131.68,122.38,120.43,115.63,115.61,113.78,112.99,113.47,108.92,545.76,223.49,111.6,111.31,110.71,107.89,111.33,106.73,109.81,106,106.05,108.35,112.8,10682.92,111.9,117.34,111.23
hlsz01-dot-v2,278.46,270.34,171.4,138.93,141.9,132.68,123.19,121.04,116.05,116.28,114.33,113.37,113.7,111.05,455.16,224.25,112.3,112.01,111.45,108.39,112.31,107.47,110.41,106.49,106.5,109.16,113.44,8381.86,112.88,117.71,111.36
hlsz01-dot-v5,300.63,271.7,172.82,140.69,143.24,133.35,123.55,121.62,116.57,116.77,114.76,113.87,114.18,111.48,457.53,225.57,112.67,112.42,111.71,108.8,112.83,107.96,110.85,106.96,107.02,109.47,113.76,8433.65,113.07,118.09,111.69
hlsz02-dot-v2,295.41,272.38,171.53,139.42,142.06,133.05,123.37,121.33,116.84,116.45,114.65,113.95,114.23,109.87,497.3,219.8,112.72,112.42,111.74,109.04,112.72,107.6,110.88,106.89,106.7,109.42,113.69,8439.89,113.05,118.08,111.73
hlsz02-dot-v5,289.39,274.03,172.75,140.18,144.87,133.94,123.95,121.32,117.19,117.06,115.21,114.33,114.66,110.16,527.58,225.57,112.83,112.5,112.34,108.96,113.61,108.05,111.4,107,107.71,109.45,113.95,10500.83,112.89,118.24,112.08
hlsz03-dot-v2,299,273.84,171.67,139.37,142.46,132.99,123.3,121.07,116.77,116.69,114.85,113.84,114.39,109.85,540.89,224.74,112.76,112.4,111.77,108.72,112.63,107.74,110.36,106.47,106.95,109.26,113.92,12297.26,112.59,118.29,112.01
hlsz05-dot-v2,276.05,272.68,171.77,139.29,142.69,132.81,123.15,121.09,116.63,116.72,114.72,114,114.31,109.83,528.58,224.24,112.39,112.18,111.78,108.61,112.25,107.91,110.41,106.35,106.83,109.1,113.7,11365.23,112.81,118.31,111.98
hlsz06-dot-v2,835.39,274.22,171.86,139.3,142.6,132.44,123.22,121.43,116.7,116.55,114.64,113.96,114.33,109.84,514.33,224.8,112.56,112.32,111.97,108.8,112.54,107.71,110.45,106.34,106.94,109.2,113.92,14179.46,112.32,118.3,111.98
hlsz07-dot-v2,848.71,273.77,171.58,139.22,142.36,132.4,123.13,121.43,116.31,116.54,114.6,113.93,114.1,109.82,499.61,221.31,112.68,112.43,111.68,108.86,112.59,107.65,110.49,106.45,106.79,109.13,113.84,11129.27,112.74,118.15,111.87
hlsz08-dot-v2,271.4,273.39,170.16,138.93,142.33,132.09,124.46,121.31,118.89,117.4,116.43,114.99,114.8,111.76,493.56,217.98,112.11,113.47,111.77,109.11,113.45,109.23,110.94,107.24,106.36,111,113.65,9815.58,112.29,118.85,112.17
hlsz09-dot-v2,287.82,270.74,171.58,139.42,142.15,132.98,123.45,121.3,116.85,116.49,114.6,113.76,113.95,111.21,467.19,224.31,112.49,112.37,111.89,108.65,112.52,107.59,110.53,106.55,106.66,109.35,113.74,8737.13,112.8,118.55,111.59
ht02-dot-v2,249.77,275.32,170.36,135.44,139.04,127.42,116.71,114.82,110.04,109.8,108.16,107.18,107.54,103.28,505.49,218.03,107.68,107.31,106.11,103.16,107.62,102.51,106.8,101.29,102.4,104.2,108.94,106.91,1860.32,114.56,105.75
ht03-dot-v2,269.6,275.91,167.75,134.84,138.21,129.11,118.65,115.99,111.43,111.4,109.33,108.68,108.45,105.81,406.42,218.78,107.45,106.57,106.29,103.49,107.69,102.39,105.78,101.54,101.44,103.55,108.21,106.99,1894.06,115.08,106.41
htsz01-dot-v2,no data,no data,no data,no data,no data,no data,no data,126.78,121.86,121.68,120.12,119.11,119.05,115.01,1494.11,1862.06,118.56,117.9,117.1,114.07,118.26,113.14,115.75,111.98,112.79,114.28,118.94,10943.99,119.02,123.93,117.96
htsz02-dot-v2,247.12,276.92,180.21,148.25,149.65,139.37,130.09,127.9,122.22,121.94,120.23,119.33,119.9,115.86,525.5,232.95,118.76,117.86,117.73,114.41,117.97,113.47,116.07,112.72,112.62,114.76,119.23,10046.46,119.97,124.92,118.87
htsz05-dot-v2,no data,no data,no data,no data,no data,no data,no data,127.17,122.25,122.09,120.27,119.22,119.51,115.61,1428.2,1840.26,118.74,118.04,118.17,114.59,118.99,113.54,115.9,112.28,113.02,114.39,119.43,11851.95,119.48,124.62,118.52
htsz06-dot-v2,no data,no data,no data,no data,no data,no data,no data,126.79,122.14,121.5,120.18,119.06,119.03,115.61,888.39,1834.05,118.46,117.94,117.3,114.05,118.2,113.16,115.58,112.11,112.86,114.27,119.53,18599.32,118.14,124.21,118.76
huatai01-dot-v2,277.74,263.86,162.57,130.02,133.3,123.76,114.63,113.09,108.45,108.46,106.39,105.88,106.05,101.73,519.99,215.32,104,103.81,103.39,100.2,103.83,99.43,101.73,98.11,98.6,100.84,105.64,15413.6,103.62,109.6,104.13
huatai02-dot-v2,951.06,282.35,170.88,136.84,139.54,127.14,115.75,113.8,108.93,109.28,107.43,106.53,106.69,102.38,600.28,220.62,105.56,104.86,103.96,101.2,105.02,100.09,102.83,98.99,99.6,101.35,106.07,10933,105.18,110.28,103.95
huatai03-dot-v2,989.74,282.06,171.08,137.05,139.81,126.72,116.07,114.32,109.59,109.3,107.49,106.71,106.84,102.42,536.59,222.02,105.78,105.06,104.33,101.28,105.18,100.36,102.97,99.27,100.01,101.71,106.57,14864.15,104.74,110.45,104.8
huatai03-dot-v2_xuxin,190.16,261.69,160.88,128.79,132.08,122.99,113.64,112.53,107.56,106.87,105.47,104.64,104.66,100.19,516.22,213.3,102.54,102.42,101.88,98.82,102.52,98.59,100.78,97.09,97.65,99.68,104.88,15044.8,103.4,109.61,104.09
huatai03-dot-v5_xuxin,189.94,262.24,161.8,129.54,132.57,123.33,114.1,112.61,107.7,107.05,105.73,104.82,104.84,100.34,516.46,213.49,102.84,102.46,102.12,98.9,102.74,98.82,101.08,97.21,97.88,99.79,105.03,15044.85,103.58,109.69,104.09
huatai05-dot-v2,873.99,270.85,168.2,134.6,137.26,125.47,115.13,113.79,109.05,108.96,106.6,106.25,106.3,102.06,519.07,219.71,104.99,104.35,103.89,100.73,104.55,99.8,102.35,98.67,99.43,101.11,105.96,14863.61,104.36,110.2,104.4
huatai06-dot-v2,942.33,285.09,170.63,137.17,139.79,126.67,115.82,114.01,109.29,109.59,107.33,106.62,106.72,102.3,605.86,221.88,105.54,104.82,104.33,101.1,105.02,100.14,102.6,99.04,99.83,101.32,106.41,16212.03,104.48,110.27,104.61
huatai07-v16,761.83,228.36,167.52,132.13,135.8,126.38,115.21,113.41,108.89,108.46,107.39,107.03,107.16,104.05,803.24,204.69,106.2,106.57,106.23,102.55,106.2,102.57,104.24,100.89,100.67,102.53,107.62,43425.65,106.38,112.67,107.79
huatai08-dot-v2,956.57,282.46,170.41,136.62,139.48,126.6,115.81,114.24,109.29,109.34,107.27,106.52,106.59,102.2,539.33,221.89,105.45,104.85,104.11,101.11,104.99,100.16,102.65,98.93,99.76,101.42,106.2,15047.67,104.59,110.38,104.55
huatai09-dot-v2,960.97,282.34,170.78,136.85,139.47,126.47,115.63,114.2,109.17,109.29,106.98,106.58,106.52,102.06,507.07,217.68,105.64,104.81,103.97,101.38,105.06,100.13,102.86,99.04,99.61,101.33,106.09,11356.69,105.1,110.25,103.91
huatai12-dot-v2,950.63,282.84,170.42,136.64,139.65,126.68,115.85,114.08,109.28,109.41,107.21,106.52,106.52,102.36,533.14,221.91,105.48,104.88,104.17,101.1,104.98,100.14,102.61,99.07,99.8,101.45,106.31,15226.84,104.62,110.2,104.59
huatai14-dot-v2,835.98,275.88,172.42,139.81,143.72,131.17,119.64,117.45,112.27,112.03,110.16,109.31,109.53,105.12,550.38,223.45,108.78,108.3,107.42,104.58,108.46,103.2,106.45,102.51,102.51,104.72,109.38,10669.75,110.09,114.62,108.52
huataidmasz01-dot-v2,839.86,279.86,176.26,144.25,148.9,138.08,127.14,124.57,119.97,119.8,117.41,116.91,116.86,113.09,589.82,226.69,116.03,115.46,114.65,111.65,115.79,110.84,113.71,109.8,110.12,112.5,117.22,15421.57,116.39,121.74,116.15
huataisz03-dot-v2,867.21,377.34,184.66,147.15,154.99,140.52,127.65,124.76,119.69,119.77,117.51,116.91,116.93,114.06,483.34,227.67,114.23,113.78,113.01,110.24,114.06,109.36,111.74,108,108.45,110.94,114.91,8517.53,114.02,118.83,112.61
huataisz04-dot-v2,830.4,273.77,171.03,138.1,141.61,132.27,123.31,121.18,116.92,117.46,115.24,114.89,114.88,110.9,563,225.27,112.92,112.47,111.97,109.34,112.59,108.39,110.73,107.23,107.66,109.94,114.31,13851.24,112.44,118.29,112.28
huataisz05-dot-v2,832.05,273.58,170.55,138.03,141.23,132.06,123.35,121.09,117.01,117.58,115.28,114.89,114.83,110.86,577.38,220.73,112.77,112.26,111.86,109.14,112.53,108.35,110.62,107.04,107.6,109.78,114.31,15054.51,112.12,118.45,113.16
huataisz06-dot-v2,833.51,273.04,170.44,138.09,141.5,132.34,122.94,121.06,116.87,117.41,115.05,114.65,114.66,110.63,570.09,217.69,112.67,112.14,111.81,109.14,112.27,108.22,110.51,107.02,107.29,109.72,114.17,14870.73,112.16,118.3,112.93
huaxinsh02-dot-v2,813.44,292.79,182.92,155.51,158.76,150.88,141.66,143.47,143.93,149.31,148.72,153.15,156.52,154.88,664.81,284.94,169.29,171.55,172.49,166.62,173.38,169.37,175.86,169.93,170.56,171.47,181.1,22574.43,176.44,186.25,176.15
huaxinsh02-dot-v5,814.83,293.6,183.8,156.08,159.84,151.76,142.12,144.23,144.57,149.88,149.41,153.64,157.07,155.41,665.49,289.99,169.91,172.21,173.14,167.22,173.93,169.87,176.55,170.38,171.02,172.01,181.63,27264.89,177.12,186.42,176.45
huaxinsh03-dot-v2,814.82,292.9,182.55,154.81,158.18,150.07,141.01,142.87,143.62,149.12,148.59,153.04,156.46,154.93,695.4,280.93,169.17,170.72,172.18,166.42,172.99,168.93,175.7,169.73,170.38,171.59,181.92,29785.67,177.52,186.46,176.75
huaxinsh04-dot-v2,821.71,290.85,180.71,153,156.53,149.44,140.71,142.71,143.63,149.23,148.54,152.83,156.3,154.47,614.83,276.06,169.33,170.68,172.03,166.43,172.86,169.69,176.59,169.61,171.03,171.32,180.68,15320.55,177.18,186.17,176.06
huaxinsh04-dot-v5,825.71,291.44,181.74,153.83,157.65,150.15,141.48,143.59,144.36,149.96,149.27,153.48,157.03,155.27,615.46,277.4,170.16,171.52,172.78,167.14,173.73,170.32,177.32,170.23,171.7,171.91,181.5,15320.91,177.42,186.31,176.09
huaxinsh05-dot-v2,813.34,292.41,182.24,154.47,157.59,149.94,140.76,142.93,143.52,149.07,148.43,152.95,156.19,154.67,657.86,280.35,168.78,170.74,172.01,166.11,172.74,169.28,175.93,169.7,170.41,171.31,181.05,19076.83,176.94,185.93,176.15
huaxinsh05-dot-v5,813.85,292.95,182.64,154.93,158.37,150.43,141.4,143.47,144.04,149.56,149.06,153.43,156.76,155.06,658.53,280.85,169.37,171.38,172.55,166.72,173.3,169.72,176.46,170.22,170.87,171.78,181.86,19077.13,177.04,185.99,176.18
huaxinsz03-dot-v2,826.24,275.04,172.29,139.34,142.73,132.94,123.37,121.27,116.58,116.92,114.79,114.11,114.48,110.25,648.68,225.08,112.68,112.1,111.86,108.65,112.38,107.7,109.86,106.7,106.92,109.04,114.38,28287.66,112.37,118.69,113.62
huaxinsz04-dot-v2,836.73,275.06,172.42,139.42,142.8,133.02,123.48,121.56,116.68,116.83,114.77,113.89,114.6,109.97,558.35,225.82,112.79,112.22,111.87,109.07,112.47,107.81,110.7,106.6,107.04,109.29,113.91,11532.43,113.26,118.58,112.54
huaxinsz05-dot-v2,825.3,274.37,171.99,139.07,142.36,132.6,123.07,121.39,116.49,116.67,114.62,114.05,114.29,110.07,624.23,224.71,112.3,112.04,111.72,108.5,112.18,107.55,110.1,106.44,106.85,109.08,114.17,19369.12,112.01,118.59,113.14
huaxinsz05-dot-v5,824.55,276.01,172.22,138.91,142.29,132.17,122.69,120.84,115.84,116.32,114.01,113.51,113.89,109.73,625.12,224.95,111.91,111.67,111.34,108.17,111.91,107.17,109.71,106.12,106.59,108.72,113.73,19368.73,111.83,118.62,113.08
huaxinsz06-dot-v2,812.83,273.61,169.58,137.73,140.66,131.98,122.38,120.3,116.09,116.28,114.4,113.74,113.97,110.02,740.74,219.19,112.06,111.69,111.21,108.29,111.68,107.44,109.86,106.09,106.63,108.77,113.98,18992.25,111.29,118.04,112.6
huaxinsz06-dot-v5,812.58,274.03,170.28,138.11,141.32,132.16,122.6,120.52,116.31,116.44,114.64,113.92,114.21,110.11,740.55,218.53,112.19,111.92,111.37,108.46,111.95,107.58,110.13,106.24,106.77,108.99,114.1,18992.41,111.3,117.99,112.56
xtpsh01-dot-v2,836.35,264.76,162.42,130.26,133.79,124.03,114.86,113.15,108.44,108.55,106.53,105.95,106.27,101.81,542.77,216.12,104.15,103.76,103.35,100.61,104.04,99.42,102.39,98.36,98.84,101.09,105.4,10490.1,104.54,110.04,103.87
xtpsh02-dot-v2,254.96,266.15,168.63,130.68,134.09,124.49,114.8,113.26,108.44,108.25,106.31,105.86,106.1,101.91,501.82,216.33,104.28,103.86,103.75,100.49,104.17,99.82,102.46,98.41,99.22,101.17,105.83,14684.32,104.32,110.46,104.78
xtpsh04-dot-v2,254.89,265.97,165.77,130.64,134.14,124.31,114.92,113.16,108.41,108.55,106.49,105.79,106.22,101.71,547.88,216.78,104.34,103.98,103.57,100.82,104.31,99.69,102.61,98.55,99.11,101.26,105.71,11118.92,104.83,110.2,104.08
xtpsh05-dot-v2,239.98,263.56,165.03,131.69,135.74,125.72,115.87,113.61,109.2,109.33,107.42,107.07,106.95,102.4,547.96,217.77,105.38,104.89,104.58,102.03,105.25,100.14,103.19,98.96,99.1,101.47,105.9,8631.6,104.99,109.86,103.61
xtpsh06-dot-v2,264.04,336.14,179.17,132.46,134.89,125.43,114.82,113.25,108.4,108.39,106.34,105.86,106.17,103.3,468.44,217.84,104.28,104.05,103.85,100.59,104.34,99.78,102.82,98.82,99.17,101.34,106.76,104.2,1849.91,111.81,103.14
xtpsh07-dot-v2,816.4,266.15,166.76,130.63,134.05,124.46,114.82,112.94,108.35,108.62,106.55,105.9,106.2,101.85,571.89,212.94,104.28,103.89,103.52,100.55,104.14,99.68,102.44,98.45,99.33,101.13,105.94,15044.62,104.13,110.23,104.67
xtpsh08-dot-v2,827.69,265.91,165.82,130.69,134.18,124.44,114.94,113.32,108.47,108.51,106.59,105.97,106.17,101.89,512.18,216.25,104.28,104.06,103.75,100.53,104.17,99.81,102.48,98.4,99.2,101.11,105.82,13318.32,104.5,110.3,104.11
xtpsh09-dot-v2,816.66,266.23,167.05,130.64,134.14,124.46,114.84,112.96,108.35,108.61,106.54,105.85,106.21,101.82,572.14,213.68,104.26,103.88,103.47,100.52,104.15,99.74,102.43,98.41,99.3,101.19,105.99,15411.24,104.15,110.26,104.56
xtpsh11-dot-v2,809.97,264.37,161.34,129.2,132.48,123.3,114.3,112.58,107.86,108.01,106.15,105.61,105.81,101.67,616.59,214.66,103.85,103.66,103.25,100.14,103.69,99.33,101.64,98.14,98.5,100.62,105.79,19609.49,103.23,109.94,104.48
xtpsh11-dot-v5,810.21,265.06,162.18,129.89,133.38,123.8,114.64,112.93,108.35,108.53,106.49,105.85,106.19,101.82,617.29,215.18,104.26,104.02,103.63,100.47,104.15,99.72,102.04,98.5,98.92,100.98,106.22,19609.92,103.4,110.15,104.7
xtpsh11-dot-v5_xuxin,807.37,260.69,160.25,127.93,131.07,122.05,112.25,110.7,106.13,106.18,104.13,103.19,103.16,99.32,614.53,212.01,101.32,101.23,100.76,98.15,101.24,97.53,99.9,96.31,96.66,98.73,104.14,19597.24,102.76,109.56,103.73
xtpsh12-dot-v2,236.63,263.42,161.28,128.97,132.28,123.13,114.28,112.25,108.02,108.28,106.15,105.53,105.98,101.47,549.44,215.68,104,103.54,103.17,100.48,103.73,99.23,102.09,98.31,98.34,100.92,105.09,9896.69,104.12,109.88,103.48
xtpsh12-v16,769.19,228.44,166.45,131.59,135.52,124.64,114.59,112.96,108.48,108.31,107.1,106.69,107.11,103.53,577.37,204.26,106.07,106.24,106.51,102.81,106.03,102.68,104.89,100.64,100.93,102.82,107.54,21669.32,106.69,112.38,106.96
xtpsh13-dot-v2,238.95,263.52,161.24,129.1,131.91,122.76,114.13,112.2,107.93,108.4,106.08,105.69,105.93,101.37,541.32,215.24,103.82,103.35,103.08,100.32,103.53,99.18,102.17,98.23,98.28,100.84,105.09,9668.46,104.13,109.95,103.41
xtpsh13-v16,768.81,227.58,165.57,130.87,134.9,124.47,114.66,113.04,108.4,108.25,107.09,106.66,107.06,103.54,577.18,203.97,106.04,106.09,106.26,102.62,106.01,102.55,104.84,100.57,100.87,102.66,107.37,21072.25,106.97,112.59,107.11
xtpsh14-dot-v2,242,263.79,161.15,128.96,132.47,123.2,114.13,112.76,107.96,108.09,106.2,105.52,106.02,101.51,534.6,215.29,103.96,103.48,103.27,100.48,103.73,99.33,102.1,98.27,98.35,100.76,105.31,11120.53,104.38,109.67,103.49
xtpsh14-v16,770.41,228.21,166.09,131.48,135.16,124.34,114.48,113.06,108.3,108.52,106.84,106.4,107.02,103.59,558.45,204.04,106.01,106.04,106.26,102.62,105.89,102.54,104.94,100.55,100.79,102.65,107.41,22432.79,106.71,112.29,106.99
xtpsh16-dot-v5_xuxin,822.13,261.73,161.24,129.02,132.04,122.35,112.48,110.74,106.54,106.26,104.26,103.4,103.45,99.2,562.72,207.33,101.62,101.29,100.82,98.56,101.34,97.73,100.19,96.07,96.72,98.81,104,15037.11,103.21,109.39,103.64
xtpsz01-dot-v2,266.78,274.53,174.95,142.42,146.41,136.86,127.71,126.44,121.78,121.62,120.04,118.72,119.1,116.31,494.6,231.57,117.95,117.83,116.9,113.76,117.38,113.04,115.99,111.37,112.32,115.18,118.89,8640.09,117.21,123.14,117.17
xtpsz05-dot-v2,832.04,274.06,172.06,139.92,143.26,134.62,126.57,125.06,120.46,120.37,118.83,117.51,118.16,113.47,581.05,224.61,116.65,116.07,115.38,112.75,115.81,112.06,114.58,110.18,111.15,113.8,118.08,15233.47,115.18,121.85,116.92
xtpsz05-dot-v5,833.27,274.55,172.35,140.28,143.85,135,126.74,125.3,120.7,120.69,118.89,117.62,118.29,113.58,581.27,224.78,116.87,116.29,115.52,112.88,116.1,112.2,114.72,110.39,111.26,113.93,118.21,15233.56,115.23,121.94,116.99
